network,model,filter,aggregation,num_paths,id_path,impact,exploit,score
generated_s101_h10_v10_filter_aggregation,NETSPA,0,0,2,1,6.0477304915445185,3.8870427750000003,10.0
generated_s101_h10_v10_filter_aggregation,NETSPA,0,0,2,2,6.0477304915445185,3.8870427750000003,10.0
generated_s101_h10_v10_filter_aggregation,NETSPA,0,1,2,1,6.0477304915445185,3.8870427750000003,10.0
generated_s101_h10_v10_filter_aggregation,NETSPA,0,1,2,2,6.0477304915445185,3.8870427750000003,10.0
generated_s101_h10_v10_filter_aggregation,NETSPA,0,2,2,1,5.873118720000001,3.8870427750000003,9.8
generated_s101_h10_v10_filter_aggregation,NETSPA,0,2,2,2,5.873118720000001,3.8870427750000003,9.8
generated_s101_h10_v10_filter_aggregation,NETSPA,0,3,2,1,5.873118720000001,3.8870427750000003,9.8
generated_s101_h10_v10_filter_aggregation,NETSPA,0,3,2,2,5.873118720000001,3.8870427750000003,9.8
s1_h10_v10_filter_aggregation,NETSPA,0,0,2,1,5.873118720000001,3.8870427750000003,9.8
s1_h10_v10_filter_aggregation,NETSPA,0,0,2,2,5.873118720000001,3.8870427750000003,9.8
s1_h10_v10_filter_aggregation,NETSPA,0,1,2,1,5.873118720000001,3.8870427750000003,9.8
s1_h10_v10_filter_aggregation,NETSPA,0,1,2,2,5.873118720000001,3.8870427750000003,9.8
s1_h10_v10_filter_aggregation,NETSPA,0,2,2,1,5.873118720000001,3.8870427750000003,9.8
s1_h10_v10_filter_aggregation,NETSPA,0,2,2,2,5.873118720000001,3.8870427750000003,9.8
s1_h10_v10_filter_aggregation,NETSPA,0,3,2,1,5.873118720000001,3.8870427750000003,9.8
s1_h10_v10_filter_aggregation,NETSPA,0,3,2,2,5.873118720000001,3.8870427750000003,9.8
s2_h10_v10_filter_aggregation,NETSPA,0,0,2,1,5.873118720000001,3.8870427750000003,9.8
s2_h10_v10_filter_aggregation,NETSPA,0,0,2,2,5.873118720000001,3.8870427750000003,9.8
s2_h10_v10_filter_aggregation,NETSPA,0,1,2,1,5.873118720000001,3.8870427750000003,9.8
s2_h10_v10_filter_aggregation,NETSPA,0,1,2,2,5.873118720000001,3.8870427750000003,9.8
s2_h10_v10_filter_aggregation,NETSPA,0,2,2,1,5.873118720000001,3.8870427750000003,9.8
s2_h10_v10_filter_aggregation,NETSPA,0,2,2,2,5.873118720000001,3.8870427750000003,9.8
s2_h10_v10_filter_aggregation,NETSPA,0,3,2,1,5.873118720000001,3.8870427750000003,9.8
s2_h10_v10_filter_aggregation,NETSPA,0,3,2,2,5.873118720000001,3.8870427750000003,9.8
