network,seed,hosts,vulns,model,filter,aggregation,aggregation_time
s1_h10_v10_filter_aggregation,1,10,10,NETSPA,0,0,0
s1_h10_v10_filter_aggregation,1,10,10,TVA,0,0,0
s1_h10_v10_filter_aggregation,1,10,10,MULTI,0,0,0
s1_h10_v10_filter_aggregation,1,10,10,NETSPA,0,1,0.005927500023972243
s1_h10_v10_filter_aggregation,1,10,10,TVA,0,1,0.005927500023972243
s1_h10_v10_filter_aggregation,1,10,10,MULTI,0,1,0.005927500023972243
s1_h10_v10_filter_aggregation,1,10,10,NETSPA,0,2,0.0068283999571576715
s1_h10_v10_filter_aggregation,1,10,10,TVA,0,2,0.0068283999571576715
s1_h10_v10_filter_aggregation,1,10,10,MULTI,0,2,0.0068283999571576715
s1_h10_v10_filter_aggregation,1,10,10,NETSPA,0,3,0.0063652999815531075
s1_h10_v10_filter_aggregation,1,10,10,TVA,0,3,0.0063652999815531075
s1_h10_v10_filter_aggregation,1,10,10,MULTI,0,3,0.0063652999815531075
s1_h15_v10_filter_aggregation,1,15,10,NETSPA,0,0,0
s1_h15_v10_filter_aggregation,1,15,10,TVA,0,0,0
s1_h15_v10_filter_aggregation,1,15,10,MULTI,0,0,0
s1_h15_v10_filter_aggregation,1,15,10,NETSPA,0,1,0.011147100012749434
s1_h15_v10_filter_aggregation,1,15,10,TVA,0,1,0.011147100012749434
s1_h15_v10_filter_aggregation,1,15,10,MULTI,0,1,0.011147100012749434
s1_h15_v10_filter_aggregation,1,15,10,NETSPA,0,2,0.011894800001755357
s1_h15_v10_filter_aggregation,1,15,10,TVA,0,2,0.011894800001755357
s1_h15_v10_filter_aggregation,1,15,10,MULTI,0,2,0.011894800001755357
s1_h20_v10_filter_aggregation,1,20,10,NETSPA,0,0,0
s1_h20_v10_filter_aggregation,1,20,10,TVA,0,0,0
s1_h20_v10_filter_aggregation,1,20,10,MULTI,0,0,0
s1_h15_v10_filter_aggregation,1,15,10,NETSPA,0,3,0.01019499998074025
s1_h15_v10_filter_aggregation,1,15,10,TVA,0,3,0.01019499998074025
s1_h15_v10_filter_aggregation,1,15,10,MULTI,0,3,0.01019499998074025
s1_h20_v10_filter_aggregation,1,20,10,NETSPA,0,1,0.014557100017555058
s1_h20_v10_filter_aggregation,1,20,10,TVA,0,1,0.014557100017555058
s1_h20_v10_filter_aggregation,1,20,10,MULTI,0,1,0.014557100017555058
s1_h20_v10_filter_aggregation,1,20,10,NETSPA,0,2,0.014996600046288222
s1_h20_v10_filter_aggregation,1,20,10,TVA,0,2,0.014996600046288222
s1_h20_v10_filter_aggregation,1,20,10,MULTI,0,2,0.014996600046288222
s1_h20_v10_filter_aggregation,1,20,10,NETSPA,0,3,0.013317600009031594
s1_h20_v10_filter_aggregation,1,20,10,TVA,0,3,0.013317600009031594
s1_h20_v10_filter_aggregation,1,20,10,MULTI,0,3,0.013317600009031594
