network,seed,hosts,vulns,model,filter,aggregation,generation_time
s1_h10_v10_filter_aggregation,1,10,10,NETSPA,0,0,0.04005940002389252
s1_h10_v10_filter_aggregation,1,10,10,TVA,0,0,0.046234000008553267
s1_h10_v10_filter_aggregation,1,10,10,MULTI,0,0,0.022864400001708418
s1_h10_v10_filter_aggregation,1,10,10,NETSPA,0,1,0.01090309995925054
s1_h10_v10_filter_aggregation,1,10,10,TVA,0,1,0.01313879998633638
s1_h10_v10_filter_aggregation,1,10,10,MULTI,0,1,0.017257000028621405
s1_h10_v10_filter_aggregation,1,10,10,NETSPA,0,2,0.010892100050114095
s1_h10_v10_filter_aggregation,1,10,10,TVA,0,2,0.011331500019878149
s1_h10_v10_filter_aggregation,1,10,10,MULTI,0,2,0.015181599999777973
s1_h10_v10_filter_aggregation,1,10,10,NETSPA,0,3,0.007637999951839447
s1_h10_v10_filter_aggregation,1,10,10,TVA,0,3,0.007822700019460171
s1_h10_v10_filter_aggregation,1,10,10,MULTI,0,3,0.009424199990462512
