network,model,filter,aggregation,generation_time
s1_h10_v10_filter_aggregation,NETSPA,0,0,0.16761590004898608
s1_h10_v10_filter_aggregation,TVA,0,0,0.018353699939325452
s1_h10_v10_filter_aggregation,MULTI,0,0,0.030586000066250563
s1_h10_v10_filter_aggregation,NETSPA,0,1,0.011600000085309148
s1_h10_v10_filter_aggregation,TVA,0,1,0.013893199968151748
s1_h10_v10_filter_aggregation,MULTI,0,1,0.018332900013774633
s1_h10_v10_filter_aggregation,NETSPA,0,2,0.008829700062051415
s1_h10_v10_filter_aggregation,TVA,0,2,0.009193899924866855
s1_h10_v10_filter_aggregation,MULTI,0,2,0.010484200087375939
s1_h10_v10_filter_aggregation,NETSPA,0,3,0.00882729992736131
s1_h10_v10_filter_aggregation,TVA,0,3,0.013984600082039833
s1_h10_v10_filter_aggregation,MULTI,0,3,0.011722199968062341
s2_h10_v10_filter_aggregation,NETSPA,0,0,0.018040599999949336
s2_h10_v10_filter_aggregation,TVA,0,0,0.022432600031606853
s2_h10_v10_filter_aggregation,MULTI,0,0,0.034208200057037175
s2_h10_v10_filter_aggregation,NETSPA,0,1,0.013502400019206107
s2_h10_v10_filter_aggregation,TVA,0,1,0.02201349998358637
s2_h10_v10_filter_aggregation,MULTI,0,1,0.022082700044848025
s2_h10_v10_filter_aggregation,NETSPA,0,2,0.010194100090302527
s2_h10_v10_filter_aggregation,TVA,0,2,0.010592299979180098
s2_h10_v10_filter_aggregation,MULTI,0,2,0.011364199919626117
s2_h10_v10_filter_aggregation,NETSPA,0,3,0.010158800054341555
s2_h10_v10_filter_aggregation,TVA,0,3,0.016397899948060513
s2_h10_v10_filter_aggregation,MULTI,0,3,0.012533799977973104
